,pid
0,B00005B20D
1,B000EHPXP6
2,B0002V7U28
3,B000LP5D74
4,B00L9KN1TM
5,B01AUH49W2
6,B00HY70U70
7,B00013F38U
8,7885887014
9,B000069D4M
10,B01H2OWOXW
11,B000BH2WF8
12,B0172D7ZZU
13,B0009A3I6O
14,B0009GX1E2
15,B000JLTRGS
16,B00180OU66
17,7885142566
18,B000R7MDHO
19,B000EGEJIO
20,B004ISWRGK
21,B00DBFBVCW
22,B0000667J6
23,B006Q8TNTO
24,B00008RV0F
25,B000FA57HQ
26,B000AMFEIQ
27,B00HDXPIV8
28,B00J587L9Q
29,B01H46Q55Q
30,B005G3VDIO
31,B0195DV54M
32,B001D7T44W
33,B000RH6Q9A
34,B00ZESM5OC
35,B00JMXWQ1M
36,B000UPMZ26
37,B01AC0QWL8
38,B000KWZ1P2
39,B00FCEO10Y
40,B00ANVZ8JE
41,B0002WZRUO
42,B00161D4I2
43,B00GSTHC7G
44,B008V864W6
45,B004X7I7A6
46,B0002V7U1Y
47,B00H8KRWKG
48,0842526919
49,B0026RX2VE
50,B000ION262
51,B00264H4E8
52,B009FFHWRU
53,B0002DG53G
54,B000PAAK00
55,B00000F9CR
56,B0065PVKH6
57,B0007VY47M
58,B0015NQEME
59,B00020W0X8
60,B000M7XR7Y
61,B0094THL0A
